"StoryType";"Pag";"N";"Url";"Schema";"Www";"Dominio";"Percorso";"Frammento";"Lunghezza";"tinyurl"
1;1;1;"http://dati.ustat.miur.it/organization/miur";"http://";"";"dati.ustat.miur.it";"organization/miur";"";43;
1;2;1;"https://en.wikipedia.org/wiki/File:Italy_IV_century_BC_-_Latina.svg";"https://";"";"en.wikipedia.org";"wiki/File:Italy_IV_century_BC_-_Latina.svg";"";67;
1;3;1;"https://en.wikipedia.org/wiki/Latin_War";"https://";"";"en.wikipedia.org";"wiki/Latin_War";"";39;
1;4;1;"https://it.wikipedia.org/wiki/Regioni_dell'Italia_augustea";"https://";"";"it.wikipedia.org";"wiki/Regioni_dell'Italia_augustea";"";58;
1;5;1;"https://adria.italiani.it/adria-tra-lincudine-estense-e-il-martello-veneziano-parte-prima/";"https://";"";"adria.italiani.it";"adria-tra-lincudine-estense-e-il-martello-veneziano-parte-prima/";"";90;
1;6;1;"https://gutenberg.org/files/17124/17124-h/17124-h.htm";"https://";"";"gutenberg.org";"files/17124/17124-h/17124-h.htm";"";53;
1;7;1;"https://it.wikipedia.org/wiki/Pace_di_Lodi";"https://";"";"it.wikipedia.org";"wiki/Pace_di_Lodi";"";42;
1;8;1;"https://it.wikipedia.org/wiki/File:Italy_1796_AD-it.png";"https://";"";"it.wikipedia.org";"wiki/File:Italy_1796_AD-it.png";"";55;
1;9;1;"tinyurl.com/3she39st";"https://";"";"tinyurl.com";"3she39st";"";20;
1;10;1;"https://www.dossier.net/risorse/telefoni/prefissi-italiani/index.html";"https://";"www";"dossier.net";"risorse/telefoni/prefissi-italiani/index.html";"";69;
1;11;1;"elesh.it";"";"";"elesh.it";"";"";8;
1;12;1;"elesh.it";"";"";"elesh.it";"";"";8;
1;13;1;"tinyurl.com/2j76n952";"https://";"";"tinyurl.com";"2j76n952";"";20;
1;14;1;"tinyurl.com/mdv4wxdj";"https://";"";"tinyurl.com";"mdv4wxdj";"";20;
1;15;1;"https://it.wikipedia.org/wiki/Quirico_Filopanti";"https://";"";"it.wikipedia.org";"wiki/Quirico_Filopanti";"";47;
1;16;1;"http://badigit.comune.bologna.it/mappe/175/library.html";"http://";"";"badigit.comune.bologna.it";"mappe/175/library.html";"";55;
1;17;1;"http://badigit.comune.bologna.it/mappe/199/library.html";"http://";"";"badigit.comune.bologna.it";"mappe/199/library.html";"";55;
1;18;1;"https://opendata.comune.bologna.it/pages/home/";"https://";"";"opendata.comune.bologna.it";"pages/home/";"";46;
1;19;1;"https://www.originebologna.com/odonomastica-storica/la-numerazione/";"https://";"www";"originebologna.com";"odonomastica-storica/la-numerazione/";"";67;
1;20;1;"https://www.francescoerrani.it/images/newsletter/Bologna_riforma_dei_quartieri.pdf";"https://";"www";"francescoerrani.it";"images/newsletter/Bologna_riforma_dei_quartieri.pdf";"";82;
1;21;1;"https://it.wikipedia.org/wiki/Quartieri_di_Bologna";"https://";"";"it.wikipedia.org";"wiki/Quartieri_di_Bologna";"";50;
1;22;1;"tinyurl.com/yt68a4s4";"https://";"";"tinyurl.com";"yt68a4s4";"";20;
1;23;1;"https://opendata.comune.bologna.it/explore/dataset/rifter_arcstra_li/information/";"https://";"";"opendata.comune.bologna.it";"explore/dataset/rifter_arcstra_li/information/";"";81;
1;24;1;"euratlas.net";"";"";"euratlas.net";"";"";12;
1;25;1;"maphistory.info";"";"";"maphistory.info";"";"";15;
1;26;1;"istat.it";"";"";"istat.it";"";"";8;
1;27;1;"wikimapia.org";"";"";"wikimapia.org";"";"";13;
1;28;1;"worldmapper.org";"";"";"worldmapper.org";"";"";15;
1;29;1;"storiadimilano.it";"";"";"storiadimilano.it";"";"";17;
1;30;1;"storiaememoriadibologna.it";"";"";"storiaememoriadibologna.it";"";"";26;
1;31;1;"romaierioggi.it";"";"";"romaierioggi.it";"";"";15;
1;32;1;"https://archive.org/web/";"https://";"";"archive.org";"web/";"";24;
1;33;1;"https://www.istat.it/it/archivio/104317";"https://";"www";"istat.it";"it/archivio/104317";"";39;
1;34;1;"https://it.wikipedia.org/wiki/Circoscrizioni_di_Ferrara";"https://";"";"it.wikipedia.org";"wiki/Circoscrizioni_di_Ferrara";"";55;
1;35;1;"https://www.comune.ra.it/il-comune/decentramento/";"https://";"www";"comune.ra.it";"il-comune/decentramento/";"";49;
1;36;1;"tinyurl.com/y8w3jxah";"https://";"";"tinyurl.com";"y8w3jxah";"";20;
1;37;1;"https://www.comune.sassari.it/it/amministrazione/organi-governo/municipalita-della-nurra";"https://";"www";"comune.sassari.it";"it/amministrazione/organi-governo/municipalita-della-nurra";"";88;
1;38;1;"https://www.comune.venezia.it/it/content/venezia-murano-burano";"https://";"www";"comune.venezia.it";"it/content/venezia-murano-burano";"";62;
1;39;1;"https://it.wikipedia.org/wiki/Municipalità_di_Venezia-Murano-Burano";"https://";"";"it.wikipedia.org";"wiki/Municipalità_di_Venezia-Murano-Burano";"";67;
1;40;1;"https://it.wikipedia.org/wiki/Compartimento_marittimo";"https://";"";"it.wikipedia.org";"wiki/Compartimento_marittimo";"";53;
1;41;1;"” e “";"";"";"” e “";"";"";5;
1;42;1;"tinyurl.com";"";"";"tinyurl.com";"";"";11;
1;43;1;"tinyurl.com/2syaaajv";"https://";"";"tinyurl.com";"2syaaajv";"";20;
1;44;1;"tinyurl.com/49hxdaxu";"https://";"";"tinyurl.com";"49hxdaxu";"";20;
1;45;1;"https://palareti.eu/storia-suddivisioni-territoriali/elenco-url-abbreviate.html";"https://";"";"palareti.eu";"storia-suddivisioni-territoriali/elenco-url-abbreviate.html";"";79;
1;46;1;"virtuale.unibo.it";"";"";"virtuale.unibo.it";"";"";17;
1;47;1;"http://badigit.comune.bologna.it/mappe/index.html";"http://";"";"badigit.comune.bologna.it";"mappe/index.html";"";49;
1;48;1;"https://www.europeana.eu/portal/en/collections/maps";"https://";"www";"europeana.eu";"portal/en/collections/maps";"";51;
1;49;1;"https://euratlas.net/history/index.html";"https://";"";"euratlas.net";"history/index.html";"";39;
1;50;1;"https://maphistory.info";"https://";"";"maphistory.info";"";"";23;
1;51;1;"https://maps.lib.utexas.edu/maps/historical/index.html";"https://";"";"maps.lib.utexas.edu";"maps/historical/index.html";"";54;
1;52;1;"http://antique.mrugala.net/Atlas%20antique%20(miror)/carto/liens.html";"http://";"";"antique.mrugala.net";"Atlas%20antique%20(miror)/carto/liens.html";"";69;
1;53;1;"https://www.treccani.it/enciclopedia/rezia_(Enciclopedia-Italiana)";"https://";"www";"treccani.it";"enciclopedia/rezia_(Enciclopedia-Italiana)";"";66;
1;54;1;"https://it.wikipedia.org/wiki/Rezia_(provincia_romana)";"https://";"";"it.wikipedia.org";"wiki/Rezia_(provincia_romana)";"";54;
1;55;1;"https://it.wikipedia.org/wiki/File:Historische_Karte_CH_Rom_1.png";"https://";"";"it.wikipedia.org";"wiki/File:Historische_Karte_CH_Rom_1.png";"";65;
1;56;1;"https://it.wikipedia.org/wiki/Norico_(provincia_romana)";"https://";"";"it.wikipedia.org";"wiki/Norico_(provincia_romana)";"";55;
1;57;1;"https://it.wikipedia.org/wiki/San_Candido";"https://";"";"it.wikipedia.org";"wiki/San_Candido";"";41;
1;58;1;"https://de.wikipedia.org/wiki/Innichen";"https://";"";"de.wikipedia.org";"wiki/Innichen";"";38;
1;59;1;"https://www.treccani.it/enciclopedia/gian-giorgio-trissino_(Enciclopedia-dell'Italiano)";"https://";"www";"treccani.it";"enciclopedia/gian-giorgio-trissino_(Enciclopedia-dell'Italiano)";"";87;
1;60;1;"https://en.wikipedia.org/wiki/J";"https://";"";"en.wikipedia.org";"wiki/J";"";31;
1;61;1;"https://books.google.it/books?id=ksVKAAAAcAAJ";"https://";"";"books.google.it";"books?id=ksVKAAAAcAAJ";"";45;
1;62;1;"https://it.wikisource.org/wiki/De_le_lettere_nu?vamente_aggiunte_ne_la_lingua_Italiana";"https://";"";"it.wikisource.org";"wiki/De_le_lettere_nu?vamente_aggiunte_ne_la_lingua_Italiana";"";86;
1;63;1;"https://it.wikipedia.org/wiki/S_lunga";"https://";"";"it.wikipedia.org";"wiki/S_lunga";"";37;
1;64;1;"ethnologue.com";"";"";"ethnologue.com";"";"";14;
1;65;1;"linguistlist.org";"";"";"linguistlist.org";"";"";16;
1;66;1;"http://multitree.org/search";"http://";"";"multitree.org";"search";"";27;
1;67;1;"https://www.iso.org/iso-3166-country-codes.html";"https://";"www";"iso.org";"iso-3166-country-codes.html";"";47;
1;68;1;"https://it.wikipedia.org/wiki/Confronto_dei_codici_paese_usati_da_CIO,_FIFA_e_ISO_3166";"https://";"";"it.wikipedia.org";"wiki/Confronto_dei_codici_paese_usati_da_CIO,_FIFA_e_ISO_3166";"";86;
1;69;1;"https://en.wikipedia.org/wiki/Country_code_top-level_domain";"https://";"";"en.wikipedia.org";"wiki/Country_code_top-level_domain";"";59;
1;70;1;"https://en.wikipedia.org/wiki/Universal_Time";"https://";"";"en.wikipedia.org";"wiki/Universal_Time";"";44;
1;71;1;"https://en.wikipedia.org/wiki/Revised_Julian_calendar";"https://";"";"en.wikipedia.org";"wiki/Revised_Julian_calendar";"";53;
1;72;1;"https://it.wikipedia.org/wiki/Calendario_bizantino";"https://";"";"it.wikipedia.org";"wiki/Calendario_bizantino";"";50;
1;73;1;"https://it.wikipedia.org/wiki/Primo_giorno_dell'anno";"https://";"";"it.wikipedia.org";"wiki/Primo_giorno_dell'anno";"";52;
1;74;1;"https://www.unfpa.org/urbanization";"https://";"www";"unfpa.org";"urbanization";"";34;
1;75;1;"tinyurl.com/46z2k94d";"https://";"";"tinyurl.com";"46z2k94d";"";20;
1;76;1;"https://www.treccani.it/enciclopedia/biondo-flavio_(Dizionario-Biografico)";"https://";"www";"treccani.it";"enciclopedia/biondo-flavio_(Dizionario-Biografico)";"";74;
1;77;1;"https://www.treccani.it/enciclopedia/lucio-fauno_(Dizionario-Biografico)";"https://";"www";"treccani.it";"enciclopedia/lucio-fauno_(Dizionario-Biografico)";"";72;
1;78;1;"https://www.treccani.it/enciclopedia/leandro-alberti_(Dizionario-Biografico)";"https://";"www";"treccani.it";"enciclopedia/leandro-alberti_(Dizionario-Biografico)";"";76;
1;79;1;"https://www.europeana.eu/portal/en/collections/maps";"https://";"www";"europeana.eu";"portal/en/collections/maps";"";51;
1;80;1;"https://maps.lib.utexas.edu/maps/historical/shepherd_1911/shepherd-c-038-039.jpg";"https://";"";"maps.lib.utexas.edu";"maps/historical/shepherd_1911/shepherd-c-038-039.jpg";"";80;
1;81;1;"https://gutenberg.org/files/17124/17124-h/17124-h.htm";"https://";"";"gutenberg.org";"files/17124/17124-h/17124-h.htm";"";53;
1;82;1;"https://ec.europa.eu/eurostat/web/nuts/local-administrative-units";"https://";"";"ec.europa.eu";"eurostat/web/nuts/local-administrative-units";"";65;
1;83;1;"https://it.wikipedia.org/wiki/Regioni_dell'Italia_augustea";"https://";"";"it.wikipedia.org";"wiki/Regioni_dell'Italia_augustea";"";58;
1;84;1;"https://it.wikipedia.org/wiki/Italia_rinascimentale";"https://";"";"it.wikipedia.org";"wiki/Italia_rinascimentale";"";51;
1;85;1;"https://www.istat.it/it/archivio/104317";"https://";"www";"istat.it";"it/archivio/104317";"";39;
1;86;1;"https://www.istat.it/it/archivio/24516";"https://";"www";"istat.it";"it/archivio/24516";"";38;
1;87;1;"https://www.istat.it/it/archivio/218392";"https://";"www";"istat.it";"it/archivio/218392";"";39;
1;88;1;"https://agenziaentrate.gov.it/portale/documents/20143/266134/Informativa+Istat_Istruzioni+ordinamento+ecografico.pdf";"https://";"";"agenziaentrate.gov.it";"portale/documents/20143/266134/Informativa+Istat_Istruzioni+ordinamento+ecografico.pdf";"";116;
1;89;1;"tinyurl.com/cnufsz6h";"https://";"";"tinyurl.com";"cnufsz6h";"";20;
1;90;1;"https://agenziaentrate.gov.it/portale/documents/20143/266134/Nota+Istat+del+15012014_Nota+Istat+912+del+15_01_2014.pdf";"https://";"";"agenziaentrate.gov.it";"portale/documents/20143/266134/Nota+Istat+del+15012014_Nota+Istat+912+del+15_01_2014.pdf";"";118;
1;91;1;"tinyurl.com/2p8hzjnk";"https://";"";"tinyurl.com";"2p8hzjnk";"";20;
1;92;1;"https://agenziaentrate.gov.it/portale/schede/fabbricatiterreni/portale-per-i-comuni/servizi-portale-dei-comuni/toponomastica";"https://";"";"agenziaentrate.gov.it";"portale/schede/fabbricatiterreni/portale-per-i-comuni/servizi-portale-dei-comuni/toponomastica";"";124;
1;93;1;"tinyurl.com/2j76n952";"https://";"";"tinyurl.com";"2j76n952";"";20;
1;94;1;"https://patrimonioculturale.regione.emilia-romagna.it/chi-siamo/parliamo-di/lucio-gambi/allegati/che_genere_regione.pdf";"https://";"";"patrimonioculturale.regione.emilia-romagna.it";"chi-siamo/parliamo-di/lucio-gambi/allegati/che_genere_regione.pdf";"";119;
1;95;1;"tinyurl.com/2s49bckr";"https://";"";"tinyurl.com";"2s49bckr";"";20;
1;96;1;"https://it.wikipedia.org/wiki/Regione_(Italia)";"https://";"";"it.wikipedia.org";"wiki/Regione_(Italia)";"";46;
1;97;1;"https://it.wikipedia.org/wiki/Regione_italiana_a_statuto_speciale";"https://";"";"it.wikipedia.org";"wiki/Regione_italiana_a_statuto_speciale";"";65;
1;98;1;"http://badigit.comune.bologna.it/books/sol/21053_INV.pdf";"http://";"";"badigit.comune.bologna.it";"books/sol/21053_INV.pdf";"";56;
1;99;1;"https://books.google.it/books?id=NYA2AAAAMAAJ";"https://";"";"books.google.it";"books?id=NYA2AAAAMAAJ";"";45;
1;100;1;"https://books.google.it/books?id=ImFTwbKloxAC";"https://";"";"books.google.it";"books?id=ImFTwbKloxAC";"";45;
1;101;1;"https://ambiente.regione.emilia-romagna.it/geologia/temi/geositi-paesaggio-geologico/itinerari/le-pietre-di-bologna-litologia-di-una-citta/quartiere-di-porta-stiera";"https://";"";"ambiente.regione.emilia-romagna.it";"geologia/temi/geositi-paesaggio-geologico/itinerari/le-pietre-di-bologna-litologia-di-una-citta/quartiere-di-porta-stiera";"";164;
1;102;1;"tinyurl.com/m4ah3tb8";"https://";"";"tinyurl.com";"m4ah3tb8";"";20;
1;103;1;"https://ambiente.regione.emilia-romagna.it/geologia/temi/geositi-paesaggio-geologico/itinerari/le-pietre-di-bologna-litologia-di-una-citta/quartiere-di-porta-ravegnana";"https://";"";"ambiente.regione.emilia-romagna.it";"geologia/temi/geositi-paesaggio-geologico/itinerari/le-pietre-di-bologna-litologia-di-una-citta/quartiere-di-porta-ravegnana";"";167;
1;104;1;"tinyurl.com/2syaaajv";"https://";"";"tinyurl.com";"2syaaajv";"";20;
1;105;1;"https://ambiente.regione.emilia-romagna.it/geologia/temi/geositi-paesaggio-geologico/itinerari/le-pietre-di-bologna-litologia-di-una-citta/quartiere-di-porta-piera";"https://";"";"ambiente.regione.emilia-romagna.it";"geologia/temi/geositi-paesaggio-geologico/itinerari/le-pietre-di-bologna-litologia-di-una-citta/quartiere-di-porta-piera";"";163;
1;106;1;"tinyurl.com/4jc992wm";"https://";"";"tinyurl.com";"4jc992wm";"";20;
1;107;1;"https://ambiente.regione.emilia-romagna.it/geologia/temi/geositi-paesaggio-geologico/itinerari/le-pietre-di-bologna-litologia-di-una-citta/quartiere-di-san-procolo";"https://";"";"ambiente.regione.emilia-romagna.it";"geologia/temi/geositi-paesaggio-geologico/itinerari/le-pietre-di-bologna-litologia-di-una-citta/quartiere-di-san-procolo";"";163;
1;108;1;"tinyurl.com/4xpn6ssv";"https://";"";"tinyurl.com";"4xpn6ssv";"";20;
2;109;1;"https://books.google.it/books?id=RyVIZnPdkgAC";"https://";"";"books.google.it";"books?id=RyVIZnPdkgAC";"";45;
2;110;1;"https://www.istat.it/it/archivio/6789";"https://";"www";"istat.it";"it/archivio/6789";"";37;
2;111;1;"https://www.treccani.it/enciclopedia/istat_(Dizionario-di-Economia-e-Finanza)";"https://";"www";"treccani.it";"enciclopedia/istat_(Dizionario-di-Economia-e-Finanza)";"";77;
2;112;1;"tinyurl.com/ycw3akjs";"https://";"";"tinyurl.com";"ycw3akjs";"";20;
2;113;1;"https://palareti.eu/lavori/2010-Aica.pdf";"https://";"";"palareti.eu";"lavori/2010-Aica.pdf";"";40;
2;114;1;"http://www.fondazioneromagnosi.it/sites/default/files/quaderno_romagnosi_2021-3.pdf";"http://";"www";"fondazioneromagnosi.it";"sites/default/files/quaderno_romagnosi_2021-3.pdf";"";83;
2;115;1;"tinyurl.com/2p89d4ze";"https://";"";"tinyurl.com";"2p89d4ze";"";20;
2;116;1;"tinyurl.com/4x3mnzyy";"https://";"";"tinyurl.com";"4x3mnzyy";"";20;
2;117;1;"https://www.cittametropolitana.ct.it/servizi/Archivio_Storico_virtuale.aspx";"https://";"www";"cittametropolitana.ct.it";"servizi/Archivio_Storico_virtuale.aspx";"";75;
2;118;1;"https://it.wikipedia.org/wiki/Italia_(epoca_romana)";"https://";"";"it.wikipedia.org";"wiki/Italia_(epoca_romana)";"";51;
2;119;1;"https://www.aicanet.it/didamatica2018/atti-2018";"https://";"www";"aicanet.it";"didamatica2018/atti-2018";"";47;
2;120;1;"http://badigit.comune.bologna.it/mappe/index.html";"http://";"";"badigit.comune.bologna.it";"mappe/index.html";"";49;
2;121;1;"tinyurl.com/yr7bxpja";"https://";"";"tinyurl.com";"yr7bxpja";"";20;
2;122;1;"https://www.treccani.it/enciclopedia/la-multimedialita-e-il-futuro-della-cartografia_(XXI-Secolo)";"https://";"www";"treccani.it";"enciclopedia/la-multimedialita-e-il-futuro-della-cartografia_(XXI-Secolo)";"";97;
2;123;1;"https://www.treccani.it/vocabolario/odonomastica";"https://";"www";"treccani.it";"vocabolario/odonomastica";"";48;
2;124;1;"https://it.wikipedia.org/wiki/Jérôme_Lalande";"https://";"";"it.wikipedia.org";"wiki/Jérôme_Lalande";"";44;
2;125;1;"https://books.google.it/books?id=9yATAAAAQAAJ";"https://";"";"books.google.it";"books?id=9yATAAAAQAAJ";"";45;
2;126;1;"tinyurl.com/2skw5f4j";"https://";"";"tinyurl.com";"2skw5f4j";"";20;
2;127;1;"http://badigit.comune.bologna.it/books/sol/21053_INV.pdf";"http://";"";"badigit.comune.bologna.it";"books/sol/21053_INV.pdf";"";56;
2;128;1;"http://badigit.comune.bologna.it/mappe/28/library.html";"http://";"";"badigit.comune.bologna.it";"mappe/28/library.html";"";54;
2;129;1;"http://badigit.comune.bologna.it/mappe/74/library.html";"http://";"";"badigit.comune.bologna.it";"mappe/74/library.html";"";54;
2;130;1;"https://www.treccani.it/enciclopedia/ugo-ojetti_(Dizionario-Biografico)";"https://";"www";"treccani.it";"enciclopedia/ugo-ojetti_(Dizionario-Biografico)";"";71;
2;131;1;"https://www.treccani.it/enciclopedia/ugo-ojetti";"https://";"www";"treccani.it";"enciclopedia/ugo-ojetti";"";47;
2;132;1;"www.originebologna.com";"";"www";"originebologna.com";"";"";22;
2;133;1;"https://www.bibliotecasalaborsa.it/bolognaonline/mappa-degli-scrittori-e-scrittrici-a-bologna";"https://";"www";"bibliotecasalaborsa.it";"bolognaonline/mappa-degli-scrittori-e-scrittrici-a-bologna";"";93;
2;134;1;"http://www.storiadimilano.it/citta/mappe/mappe.htm";"http://";"www";"storiadimilano.it";"citta/mappe/mappe.htm";"";50;
2;135;1;"https://it.wikipedia.org/wiki/Caffè_Gnocchi";"https://";"";"it.wikipedia.org";"wiki/Caffè_Gnocchi";"";43;
2;136;1;"https://it.wikisource.org/wiki/Racconti_e_bozzetti/I_dintorni_di_Milano";"https://";"";"it.wikisource.org";"wiki/Racconti_e_bozzetti/I_dintorni_di_Milano";"";71;
2;137;1;"https://dizionaripiu.zanichelli.it/biblioteca-italiana-zanichelli/giovanni-verga-novelle-sparse/";"https://";"";"dizionaripiu.zanichelli.it";"biblioteca-italiana-zanichelli/giovanni-verga-novelle-sparse/";"";96;
2;138;1;"https://it.wikipedia.org/wiki/Galleria_Vittorio_Emanuele_II";"https://";"";"it.wikipedia.org";"wiki/Galleria_Vittorio_Emanuele_II";"";59;
2;139;1;"https://it.wikisource.org/wiki/Per_le_vie";"https://";"";"it.wikisource.org";"wiki/Per_le_vie";"";41;
2;140;1;"tinyurl.com/2urv6fbw";"https://";"";"tinyurl.com";"2urv6fbw";"";20;
2;141;1;"https://it.wikipedia.org/wiki/Italia_romana";"https://";"";"it.wikipedia.org";"wiki/Italia_romana";"";43;
2;142;1;"https://it.wikipedia.org/wiki/Scuola_siciliana";"https://";"";"it.wikipedia.org";"wiki/Scuola_siciliana";"";46;
2;143;1;"tinyurl.com/4ssuxyuh";"https://";"";"tinyurl.com";"4ssuxyuh";"";20;
2;144;1;"https://ec.europa.eu/eurostat/web/nuts/principles-and-characteristics";"https://";"";"ec.europa.eu";"eurostat/web/nuts/principles-and-characteristics";"";69;
2;145;1;"https://ec.europa.eu/eurostat/web/nuts/local-administrative-units";"https://";"";"ec.europa.eu";"eurostat/web/nuts/local-administrative-units";"";65;
2;146;1;"https://ec.europa.eu/eurostat/web/nuts/national-structures";"https://";"";"ec.europa.eu";"eurostat/web/nuts/national-structures";"";58;
2;147;1;"tinyurl.com/57ha2k2f";"https://";"";"tinyurl.com";"57ha2k2f";"";20;
2;148;1;"tinyurl.com/5fefemv2";"https://";"";"tinyurl.com";"5fefemv2";"";20;
2;149;1;"tinyurl.com/4976mtwj";"https://";"";"tinyurl.com";"4976mtwj";"";20;
2;150;1;"https://www.treccani.it/enciclopedia/vassallaggio_(Dizionario-di-Storia)";"https://";"www";"treccani.it";"enciclopedia/vassallaggio_(Dizionario-di-Storia)";"";72;
2;151;1;"https://en.wikipedia.org/wiki/File:Supranational_European_Bodies-en.svg";"https://";"";"en.wikipedia.org";"wiki/File:Supranational_European_Bodies-en.svg";"";71;
2;152;1;"https://www.youtube.com/watch?v=GddgANy0k_U";"https://";"www";"youtube.com";"watch?v=GddgANy0k_U";"";43;
2;153;1;"https://it.wikipedia.org/wiki/Palermo";"https://";"";"it.wikipedia.org";"wiki/Palermo";"";37;
2;154;1;"https://it.wikipedia.org/wiki/Isola_linguistica";"https://";"";"it.wikipedia.org";"wiki/Isola_linguistica";"";47;
2;155;1;"https://it.wikipedia.org/wiki/Lingua_sarda_campidanese";"https://";"";"it.wikipedia.org";"wiki/Lingua_sarda_campidanese";"";54;
2;156;1;"https://www.treccani.it/enciclopedia/corsica";"https://";"www";"treccani.it";"enciclopedia/corsica";"";44;
2;157;1;"https://it.wikipedia.org/wiki/Italia_(regione_geografica)";"https://";"";"it.wikipedia.org";"wiki/Italia_(regione_geografica)";"";57;
2;158;1;"https://www.treccani.it/enciclopedia/corsica_(Dizionario-di-Storia)";"https://";"www";"treccani.it";"enciclopedia/corsica_(Dizionario-di-Storia)";"";67;
2;159;1;"https://it.wikipedia.org/wiki/Lingue_dell'Italia";"https://";"";"it.wikipedia.org";"wiki/Lingue_dell'Italia";"";48;
2;160;1;"https://www.treccani.it/enciclopedia/provincia_(Enciclopedia-Italiana)";"https://";"www";"treccani.it";"enciclopedia/provincia_(Enciclopedia-Italiana)";"";70;
2;161;1;"https://it.wikipedia.org/wiki/Provincia_romana";"https://";"";"it.wikipedia.org";"wiki/Provincia_romana";"";46;
2;162;1;"https://it.wikipedia.org/wiki/Suddivisioni_e_cronologia_delle_province_romane";"https://";"";"it.wikipedia.org";"wiki/Suddivisioni_e_cronologia_delle_province_romane";"";77;
2;163;1;"https://it.wikipedia.org/wiki/Province_romane_senatorie_e_imperiali_tra_Augusto_e_Adriano";"https://";"";"it.wikipedia.org";"wiki/Province_romane_senatorie_e_imperiali_tra_Augusto_e_Adriano";"";89;
2;164;1;"https://fr.wikipedia.org/wiki/Liste_des_provinces_romaines";"https://";"";"fr.wikipedia.org";"wiki/Liste_des_provinces_romaines";"";58;
2;165;1;"https://maps.lib.utexas.edu/maps/historical/history_shepherd_1911.html";"https://";"";"maps.lib.utexas.edu";"maps/historical/history_shepherd_1911.html";"";70;
2;166;1;"https://maps.lib.utexas.edu/maps/historical/shepherd_1911/shepherd-c-038-039.jpg";"https://";"";"maps.lib.utexas.edu";"maps/historical/shepherd_1911/shepherd-c-038-039.jpg";"";80;
2;167;1;"https://maps.lib.utexas.edu/maps/historical/shepherd_1911/shepherd-c-026-027.jpg";"https://";"";"maps.lib.utexas.edu";"maps/historical/shepherd_1911/shepherd-c-026-027.jpg";"";80;
2;168;1;"https://it.wikipedia.org/wiki/File:Roman_expansion_264_BC_Shepherd.jpg";"https://";"";"it.wikipedia.org";"wiki/File:Roman_expansion_264_BC_Shepherd.jpg";"";70;
2;169;1;"https://en.wikipedia.org/wiki/William_Robert_Shepherd";"https://";"";"en.wikipedia.org";"wiki/William_Robert_Shepherd";"";53;
2;170;1;"https://www.britannica.com/biography/William-Robert-Shepherd";"https://";"www";"britannica.com";"biography/William-Robert-Shepherd";"";60;
2;171;1;"tinyurl.com/2urfdzab";"https://";"";"tinyurl.com";"2urfdzab";"";20;
2;172;1;"https://www.treccani.it/enciclopedia/feudalesimo";"https://";"www";"treccani.it";"enciclopedia/feudalesimo";"";48;
2;173;1;"https://la.wikisource.org/wiki/Naturalis_Historia/Liber_III";"https://";"";"la.wikisource.org";"wiki/Naturalis_Historia/Liber_III";"";59;
2;174;1;"https://books.google.it/books?id=wqQKdSsdy1cC";"https://";"";"books.google.it";"books?id=wqQKdSsdy1cC";"";45;
2;175;1;"tinyurl.com/56efxfpu";"https://";"";"tinyurl.com";"56efxfpu";"";20;
2;176;1;"tinyurl.com/4fxtdktf";"https://";"";"tinyurl.com";"4fxtdktf";"";20;
2;177;1;"tinyurl.com/422b8shx";"https://";"";"tinyurl.com";"422b8shx";"";20;
2;178;1;"https://it.wikipedia.org/wiki/Porto_(città_antica)";"https://";"";"it.wikipedia.org";"wiki/Porto_(città_antica)";"";50;
2;179;1;"tinyurl.com/56kj7ja7";"https://";"";"tinyurl.com";"56kj7ja7";"";20;
2;180;1;"tinyurl.com/32fwkcdj";"https://";"";"tinyurl.com";"32fwkcdj";"";20;
2;181;1;"https://it.wikipedia.org/wiki/Regio_III_Lucania_et_Bruttii";"https://";"";"it.wikipedia.org";"wiki/Regio_III_Lucania_et_Bruttii";"";58;
2;182;1;"http://www.burl.it/ArchivioFile/P_201704051053369531636680957_1.PDF";"http://";"www";"burl.it";"ArchivioFile/P_201704051053369531636680957_1.PDF";"";67;
2;183;1;"https://luni.cultura.gov.it/lantica-citta-di-luna";"https://";"";"luni.cultura.gov.it";"lantica-citta-di-luna";"";49;
2;184;1;"tinyurl.com/ye2yetmh";"https://";"";"tinyurl.com";"ye2yetmh";"";20;
2;185;1;"https://www.treccani.it/enciclopedia/preposizioni_(Enciclopedia-dell'Italiano)";"https://";"www";"treccani.it";"enciclopedia/preposizioni_(Enciclopedia-dell'Italiano)";"";78;
2;186;1;"https://dizionari.corriere.it/dizionario-si-dice/L/l-aquila.shtml";"https://";"";"dizionari.corriere.it";"dizionario-si-dice/L/l-aquila.shtml";"";65;
2;187;1;"tinyurl.com/yckjns82";"https://";"";"tinyurl.com";"yckjns82";"";20;
2;188;1;"https://www.treccani.it/enciclopedia/lunigiana_(Enciclopedia-Italiana)";"https://";"www";"treccani.it";"enciclopedia/lunigiana_(Enciclopedia-Italiana)";"";70;
2;189;1;"http://www.rimini-it.it/rimini-romana.htm";"http://";"www";"rimini-it.it";"rimini-romana.htm";"";41;
2;190;1;"https://riminiturismo.it/eventi-notizie/fluxus-rimini-il-ponte-di-tiberio";"https://";"";"riminiturismo.it";"eventi-notizie/fluxus-rimini-il-ponte-di-tiberio";"";73;
2;191;1;"https://it.wikipedia.org/wiki/Regio_I_Latium_et_Campania";"https://";"";"it.wikipedia.org";"wiki/Regio_I_Latium_et_Campania";"";56;
2;192;1;"https://www.rome-roma.net/murs-de-rome.html";"https://";"www";"rome-roma.net";"murs-de-rome.html";"";43;
2;193;1;"https://it.wikipedia.org/wiki/14_regioni_di_Roma_augustea";"https://";"";"it.wikipedia.org";"wiki/14_regioni_di_Roma_augustea";"";57;
2;194;1;"http://www.urbanistica.comune.roma.it/mappa-municipi.html";"http://";"www";"urbanistica.comune.roma.it";"mappa-municipi.html";"";57;
2;195;1;"https://it.wikipedia.org/wiki/Municipi_di_Roma";"https://";"";"it.wikipedia.org";"wiki/Municipi_di_Roma";"";46;
2;196;1;"https://it.wikipedia.org/wiki/Italia_(diocesi)";"https://";"";"it.wikipedia.org";"wiki/Italia_(diocesi)";"";46;
2;197;1;"https://it.wikipedia.org/wiki/Ager_Gallicus";"https://";"";"it.wikipedia.org";"wiki/Ager_Gallicus";"";43;
2;198;1;"https://it.wikipedia.org/wiki/Prefettura_del_pretorio_d'Italia";"https://";"";"it.wikipedia.org";"wiki/Prefettura_del_pretorio_d'Italia";"";62;
2;199;1;"https://it.wikipedia.org/wiki/Esarcato_d'Italia";"https://";"";"it.wikipedia.org";"wiki/Esarcato_d'Italia";"";47;
2;200;1;"https://www.treccani.it/enciclopedia/leandro-alberti_(Dizionario-Biografico)";"https://";"www";"treccani.it";"enciclopedia/leandro-alberti_(Dizionario-Biografico)";"";76;
2;201;1;"https://www.treccani.it/enciclopedia/girolamo-ramusio_(Dizionario-Biografico)";"https://";"www";"treccani.it";"enciclopedia/girolamo-ramusio_(Dizionario-Biografico)";"";77;
2;202;1;"archive.org";"";"";"archive.org";"";"";11;
2;203;1;"https://it.wikipedia.org/wiki/Ponte_di_Tiberio";"https://";"";"it.wikipedia.org";"wiki/Ponte_di_Tiberio";"";46;
2;204;1;"https://www.treccani.it/enciclopedia/biondo-flavio_(Dizionario-Biografico)";"https://";"www";"treccani.it";"enciclopedia/biondo-flavio_(Dizionario-Biografico)";"";74;
2;205;1;"https://www.isime.it/edizione-nazionale-delle-opere-di-flavio-biondo";"https://";"www";"isime.it";"edizione-nazionale-delle-opere-di-flavio-biondo";"";68;
2;206;1;"tinyurl.com/bdzzvpby";"https://";"";"tinyurl.com";"bdzzvpby";"";20;
2;207;1;"tinyurl.com/mpwd9d4c";"https://";"";"tinyurl.com";"mpwd9d4c";"";20;
2;208;1;"https://www.treccani.it/enciclopedia/lucio-fauno_(Dizionario-Biografico)";"https://";"www";"treccani.it";"enciclopedia/lucio-fauno_(Dizionario-Biografico)";"";72;
2;209;1;"https://archive.org/details/romaristavrataet00bion";"https://";"";"archive.org";"details/romaristavrataet00bion";"";50;
2;210;1;"tinyurl.com/3ptcz3fm";"https://";"";"tinyurl.com";"3ptcz3fm";"";20;
2;211;1;"https://it.wikipedia.org/wiki/Marca_Trevigiana";"https://";"";"it.wikipedia.org";"wiki/Marca_Trevigiana";"";46;
2;212;1;"https://www.treccani.it/enciclopedia/diritto-di-voto";"https://";"www";"treccani.it";"enciclopedia/diritto-di-voto";"";52;
2;213;1;"https://www.treccani.it/enciclopedia/luigi-carlo-farini_(Dizionario-Biografico)";"https://";"www";"treccani.it";"enciclopedia/luigi-carlo-farini_(Dizionario-Biografico)";"";79;
2;214;1;"https://www.treccani.it/enciclopedia/romania_res-0bf01b75-e1fb-11df-9962-d5ce3506d72e/";"https://";"www";"treccani.it";"enciclopedia/romania_res-0bf01b75-e1fb-11df-9962-d5ce3506d72e/";"";86;
2;215;1;"https://it.wikipedia.org/wiki/Legazione_di_Marittima_e_Campagna";"https://";"";"it.wikipedia.org";"wiki/Legazione_di_Marittima_e_Campagna";"";63;
2;216;1;"https://www.treccani.it/enciclopedia/sannio";"https://";"www";"treccani.it";"enciclopedia/sannio";"";43;
2;217;1;"https://books.google.it/books?id=kttXsdZlUPQC";"https://";"";"books.google.it";"books?id=kttXsdZlUPQC";"";45;
2;218;1;"https://www.mgh-bibliothek.de/cgi-bin/blondus2.pl?seite=293";"https://";"www";"mgh-bibliothek.de";"cgi-bin/blondus2.pl?seite=293";"";59;
2;219;1;"https://it.wikipedia.org/wiki/Montefeltro";"https://";"";"it.wikipedia.org";"wiki/Montefeltro";"";41;
2;220;1;"tinyurl.com/y82ta6mr";"https://";"";"tinyurl.com";"y82ta6mr";"";20;
2;221;1;"https://it. wikipedia.org/wiki/Corona_d'Aragona";"https://";"";"it. wikipedia.org";"wiki/Corona_d'Aragona";"";47;
2;222;1;"https://it.wikipedia.org/wiki/Suddivisione_amministrativa_del_Regno_di_Napoli";"https://";"";"it.wikipedia.org";"wiki/Suddivisione_amministrativa_del_Regno_di_Napoli";"";77;
2;223;1;"https://www.treccani.it/enciclopedia/giovanni-antonio-magini";"https://";"www";"treccani.it";"enciclopedia/giovanni-antonio-magini";"";60;
2;224;1;"https://www.treccani.it/enciclopedia/giovanni-antonio-magini_(Dizionario-Biografico)";"https://";"www";"treccani.it";"enciclopedia/giovanni-antonio-magini_(Dizionario-Biografico)";"";84;
2;225;1;"https://it.wikipedia.org/wiki/Giovanni_Antonio_Magini";"https://";"";"it.wikipedia.org";"wiki/Giovanni_Antonio_Magini";"";53;
2;226;1;"https://it.wikipedia.org/wiki/Abruzzo_Citra";"https://";"";"it.wikipedia.org";"wiki/Abruzzo_Citra";"";43;
2;227;1;"https://it.wikipedia.org/wiki/Abruzzo_Ultra";"https://";"";"it.wikipedia.org";"wiki/Abruzzo_Ultra";"";43;
2;228;1;"https://it.wikipedia.org/wiki/Provincia_di_Napoli_(1806-1860)";"https://";"";"it.wikipedia.org";"wiki/Provincia_di_Napoli_(1806-1860)";"";61;
2;229;1;"http://didamatica2010.di.uniroma1.it/lavori/55-411-1-DR.pdf";"http://";"";"didamatica2010.di.uniroma1.it";"lavori/55-411-1-DR.pdf";"";59;
2;230;1;"tinyurl.com/36svcst2";"https://";"";"tinyurl.com";"36svcst2";"";20;
2;231;1;"https://books.google.it/books?id=XRM5AAAAcAAJ";"https://";"";"books.google.it";"books?id=XRM5AAAAcAAJ";"";45;
2;232;1;"https://www.istat.it/it/files/2018/07/Struttura-e-dinamica-delle-unità-amministrative.pdf";"https://";"www";"istat.it";"it/files/2018/07/Struttura-e-dinamica-delle-unità-amministrative.pdf";"";89;
2;233;1;"https://it.wikipedia.org/wiki/Regionalismo_(Italia)";"https://";"";"it.wikipedia.org";"wiki/Regionalismo_(Italia)";"";51;
2;234;1;"tinyurl.com/53m7ykwz";"https://";"";"tinyurl.com";"53m7ykwz";"";20;
2;235;1;"https://fr.wikipedia.org/wiki/Région_française";"https://";"";"fr.wikipedia.org";"wiki/Région_française";"";46;
2;236;1;"https://it.wikipedia.org/wiki/Regioni_della_Francia";"https://";"";"it.wikipedia.org";"wiki/Regioni_della_Francia";"";51;
2;237;1;"tinyurl.com/38vuzbev";"https://";"";"tinyurl.com";"38vuzbev";"";20;
2;238;1;"tinyurl.com/mrxbvaev";"https://";"";"tinyurl.com";"mrxbvaev";"";20;
2;239;1;"tinyurl.com/mrymj2en";"https://";"";"tinyurl.com";"mrymj2en";"";20;
2;240;1;"tinyurl.com/2vuf23bd";"https://";"";"tinyurl.com";"2vuf23bd";"";20;
2;241;1;"tinyurl.com/2s49bckr";"https://";"";"tinyurl.com";"2s49bckr";"";20;
2;242;1;"https://it.wikipedia.org/wiki/Regno_Lombardo-Veneto";"https://";"";"it.wikipedia.org";"wiki/Regno_Lombardo-Veneto";"";51;
2;243;1;"https://it.wikipedia.org/wiki/Latino_volgare";"https://";"";"it.wikipedia.org";"wiki/Latino_volgare";"";44;
2;244;1;"https://gutenberg.org/ebooks/17124";"https://";"";"gutenberg.org";"ebooks/17124";"";34;
2;245;1;"https://it.wikipedia.org/wiki/Samuel_Butler_(1774-1839)";"https://";"";"it.wikipedia.org";"wiki/Samuel_Butler_(1774-1839)";"";55;
2;246;1;"https://it.wikipedia.org/wiki/Thema";"https://";"";"it.wikipedia.org";"wiki/Thema";"";35;
2;247;1;"https://it.wikipedia.org/wiki/Italia_medievale";"https://";"";"it.wikipedia.org";"wiki/Italia_medievale";"";46;
2;248;1;"tinyurl.com/3skp2pzn";"https://";"";"tinyurl.com";"3skp2pzn";"";20;
2;249;1;"https://books.google.it/books?id=RyVIZnPdkgAC";"https://";"";"books.google.it";"books?id=RyVIZnPdkgAC";"";45;
2;250;1;"https://it.wikipedia.org/wiki/Antichi_Stati_italiani";"https://";"";"it.wikipedia.org";"wiki/Antichi_Stati_italiani";"";52;
2;251;1;"https://it.wikipedia.org/wiki/Suddivisione_amministrativa_del_Regno_di_Sardegna";"https://";"";"it.wikipedia.org";"wiki/Suddivisione_amministrativa_del_Regno_di_Sardegna";"";79;
2;252;1;"https://it.wikipedia.org/wiki/Regno_di_Sardegna";"https://";"";"it.wikipedia.org";"wiki/Regno_di_Sardegna";"";47;
2;253;1;"https://de.wikipedia.org/wiki/Königreich_Lombardo-Venetien";"https://";"";"de.wikipedia.org";"wiki/Königreich_Lombardo-Venetien";"";58;
2;254;1;"tinyurl.com/mtjukxvz";"https://";"";"tinyurl.com";"mtjukxvz";"";20;
2;255;1;"http://stats-1.archeogr.unisi.it/repetti/";"http://";"";"stats-1.archeogr.unisi.it";"repetti/";"";41;
2;256;1;"https://it.wikipedia.org/wiki/Dizionario_Geografico_Fisico_Storico_della_Toscana";"https://";"";"it.wikipedia.org";"wiki/Dizionario_Geografico_Fisico_Storico_della_Toscana";"";80;
2;257;1;"https://books.google.it/books?id=_WsuAAAAYAAJ";"https://";"";"books.google.it";"books?id=_WsuAAAAYAAJ";"";45;
2;258;1;"http://stats-1.archeogr.unisi.it/repetti/documenti/vol_I.pdf";"http://";"";"stats-1.archeogr.unisi.it";"repetti/documenti/vol_I.pdf";"";60;
2;259;1;"http://stats-1.archeogr.unisi.it/repetti/database.php";"http://";"";"stats-1.archeogr.unisi.it";"repetti/database.php";"";53;
2;260;1;"https://archiviodistato.firenze.it/statocivile/granducato_1.html";"https://";"";"archiviodistato.firenze.it";"statocivile/granducato_1.html";"";64;
2;261;1;"https://it.wikipedia.org/wiki/File:Mappa_del_Granducato_di_Toscana_nel_1815.png";"https://";"";"it.wikipedia.org";"wiki/File:Mappa_del_Granducato_di_Toscana_nel_1815.png";"";79;
2;262;1;"https://it.wikipedia.org/wiki/File:Granduchy_of_Tuscany_1815_(location).png";"https://";"";"it.wikipedia.org";"wiki/File:Granduchy_of_Tuscany_1815_(location).png";"";75;
2;263;1;"https://it.wikipedia.org/wiki/Legge_23_ottobre_1859_n._3702";"https://";"";"it.wikipedia.org";"wiki/Legge_23_ottobre_1859_n._3702";"";59;
2;264;1;"https://it.wikipedia.org/wiki/Legge_20_marzo_1865,_n._2248";"https://";"";"it.wikipedia.org";"wiki/Legge_20_marzo_1865,_n._2248";"";58;
2;265;1;"tinyurl.com/wrp38ybd";"https://";"";"tinyurl.com";"wrp38ybd";"";20;
2;266;1;"https://www.gazzettaufficiale.it/eli/gu/1946/03/04/53/sg/pdf";"https://";"www";"gazzettaufficiale.it";"eli/gu/1946/03/04/53/sg/pdf";"";60;
2;267;1;"https://www.gazzettaufficiale.it/eli/gu/2009/02/20/42/so/25/sg/pdf";"https://";"www";"gazzettaufficiale.it";"eli/gu/2009/02/20/42/so/25/sg/pdf";"";66;
2;268;1;"https://www.gazzettaufficiale.it/eli/gu/2009/12/14/290/so/234/sg/pdf";"https://";"www";"gazzettaufficiale.it";"eli/gu/2009/12/14/290/so/234/sg/pdf";"";68;
2;269;1;"http://www.elesh.it/storiacomuni/storia_comune.asp?istat=045009";"http://";"www";"elesh.it";"storiacomuni/storia_comune.asp?istat=045009";"";63;
2;270;1;"https://it.wikipedia.org/wiki/Provincia_di_Massa-Carrara";"https://";"";"it.wikipedia.org";"wiki/Provincia_di_Massa-Carrara";"";56;
2;271;1;"palareti.eu";"";"";"palareti.eu";"";"";11;
2;272;1;"https://palareti.eu/TerritoriItaliani/Appendice2.html";"https://";"";"palareti.eu";"TerritoriItaliani/Appendice2.html";"";53;
2;273;1;"https://www.istat.it/it/files/2013/11/Descrizione-dati-Pubblicazione-2016.03.09.pdf";"https://";"www";"istat.it";"it/files/2013/11/Descrizione-dati-Pubblicazione-2016.03.09.pdf";"";83;
2;274;1;"tinyurl.com/4tjjduk3";"https://";"";"tinyurl.com";"4tjjduk3";"";20;
2;275;1;"https://books.google.it/books?id=1KVDAAAAcAAJ";"https://";"";"books.google.it";"books?id=1KVDAAAAcAAJ";"";45;
2;276;1;"tinyurl.com/zh527jka";"https://";"";"tinyurl.com";"zh527jka";"";20;
2;277;1;"tinyurl.com/33bzmkz8";"https://";"";"tinyurl.com";"33bzmkz8";"";20;
2;278;1;"https://it.wikipedia.org/wiki/Suddivisione_amministrativa_del_Regno_delle_Due_Sicilie";"https://";"";"it.wikipedia.org";"wiki/Suddivisione_amministrativa_del_Regno_delle_Due_Sicilie";"";85;
2;279;1;"https://www.treccani.it/enciclopedia/francesco-ferrara_(Dizionario-di-Economia-e-Finanza)";"https://";"www";"treccani.it";"enciclopedia/francesco-ferrara_(Dizionario-di-Economia-e-Finanza)";"";89;
2;280;1;"https://palareti.eu/storia-suddivisioni-territoriali/denominazioni-storiche-italiane.html";"https://";"";"palareti.eu";"storia-suddivisioni-territoriali/denominazioni-storiche-italiane.html";"";89;
2;281;1;"https://www.istat.it/it/archivio/138158";"https://";"www";"istat.it";"it/archivio/138158";"";39;
2;282;1;"https://it.wikipedia.org/wiki/Diocesi_di_Tortona";"https://";"";"it.wikipedia.org";"wiki/Diocesi_di_Tortona";"";48;
2;283;1;"https://it.wikipedia.org/wiki/Regione_ecclesiastica";"https://";"";"it.wikipedia.org";"wiki/Regione_ecclesiastica";"";51;
2;284;1;"https://it.wikipedia.org/wiki/Circondario_del_Regno_d'Italia ";"https://";"";"it.wikipedia.org";"wiki/Circondario_del_Regno_d'Italia ";"";61;
2;285;1;"https://it.wikipedia.org/wiki/Mandamento_del_Regno_d'Italia";"https://";"";"it.wikipedia.org";"wiki/Mandamento_del_Regno_d'Italia";"";59;
2;286;1;"https://www.treccani.it/enciclopedia/appodiato";"https://";"www";"treccani.it";"enciclopedia/appodiato";"";46;
2;287;1;"https://upload.wikimedia.org/wikipedia/commons/6/62/Vallardi_-_Forlì.jpg";"https://";"";"upload.wikimedia.org";"wikipedia/commons/6/62/Vallardi_-_Forlì.jpg";"";72;
2;288;1;"tinyurl.com/5asxewde";"https://";"";"tinyurl.com";"5asxewde";"";20;
2;289;1;"https://www.treccani.it/enciclopedia/comunello";"https://";"www";"treccani.it";"enciclopedia/comunello";"";46;
2;290;1;"https://books.google.it/books?id=5M42AQAAMAAJ";"https://";"";"books.google.it";"books?id=5M42AQAAMAAJ";"";45;
2;291;1;"https://palareti.eu/storia-suddivisioni-territoriali/evoluzione-appodiati-stato-pontificio.html";"https://";"";"palareti.eu";"storia-suddivisioni-territoriali/evoluzione-appodiati-stato-pontificio.html";"";95;
2;292;1;"https://it.wikipedia.org/wiki/Codice_di_avviamento_postale";"https://";"";"it.wikipedia.org";"wiki/Codice_di_avviamento_postale";"";58;
2;293;1;"tinyurl.com/2d3dsxuz";"https://";"";"tinyurl.com";"2d3dsxuz";"";20;
2;294;1;"tinyurl.com/2ru4fucc";"https://";"";"tinyurl.com";"2ru4fucc";"";20;
2;295;1;"https://www.treccani.it/vocabolario/hinterland";"https://";"www";"treccani.it";"vocabolario/hinterland";"";46;
2;296;1;"tinyurl.com/3je6upka";"https://";"";"tinyurl.com";"3je6upka";"";20;
2;297;1;"https://poste.it/cerca/index.html";"https://";"";"poste.it";"cerca/index.html";"";33;
2;298;1;"https://poste.it/standard_composizione_indirizzi.pdf";"https://";"";"poste.it";"standard_composizione_indirizzi.pdf";"";52;
2;299;1;"https://www.upu.int/en/Postal-Solutions/Programmes-Services/Addressing-Solutions";"https://";"www";"upu.int";"en/Postal-Solutions/Programmes-Services/Addressing-Solutions";"";80;
2;300;1;"https://archiviostorico.gruppotim.it/it/anni-70 ";"https://";"";"archiviostorico.gruppotim.it";"it/anni-70 ";"";48;
2;301;1;"https://it.wikipedia.org/wiki/Prefissi_telefonici_italiani";"https://";"";"it.wikipedia.org";"wiki/Prefissi_telefonici_italiani";"";58;
2;302;1;"archiviostorico.gruppotim.it";"";"";"archiviostorico.gruppotim.it";"";"";28;
2;303;1;"https://it.wikipedia.org/wiki/Pretore_(ordinamenti_moderni)";"https://";"";"it.wikipedia.org";"wiki/Pretore_(ordinamenti_moderni)";"";59;
2;304;1;"tinyurl.com/3dan8652";"https://";"";"tinyurl.com";"3dan8652";"";20;
2;305;1;"http://www.elesh.it/storiacomuni/cercacomuni.asp";"http://";"www";"elesh.it";"storiacomuni/cercacomuni.asp";"";48;
2;306;1;"tinyurl.com/3x6ez64c";"https://";"";"tinyurl.com";"3x6ez64c";"";20;
2;307;1;"http://www.elesh.it/storiacomuni/storia_comune.asp?istat=103019";"http://";"www";"elesh.it";"storiacomuni/storia_comune.asp?istat=103019";"";63;
2;308;1;"https://it.wikisource.org/wiki/R.D._28_giugno_1863,_n._1426";"https://";"";"it.wikisource.org";"wiki/R.D._28_giugno_1863,_n._1426";"";59;
2;309;1;"tinyurl.com/rhynm6bt";"https://";"";"tinyurl.com";"rhynm6bt";"";20;
2;310;1;"https://it.wikipedia.org/wiki/Collecchio";"https://";"";"it.wikipedia.org";"wiki/Collecchio";"";40;
2;311;1;"https://it.wikipedia.org/wiki/Parma";"https://";"";"it.wikipedia.org";"wiki/Parma";"";35;
2;312;1;"https://palareti.eu/storia-suddivisioni-territoriali/omonimie.html";"https://";"";"palareti.eu";"storia-suddivisioni-territoriali/omonimie.html";"";66;
2;313;1;"https://www.treccani.it/vocabolario/castiglione";"https://";"www";"treccani.it";"vocabolario/castiglione";"";47;
2;314;1;"https://it.wikipedia.org/wiki/Fusione_di_comuni_italiani";"https://";"";"it.wikipedia.org";"wiki/Fusione_di_comuni_italiani";"";56;
2;315;1;"https://it.wikipedia.org/wiki/Mirabello_(Terre_del_Reno)";"https://";"";"it.wikipedia.org";"wiki/Mirabello_(Terre_del_Reno)";"";56;
2;316;1;"https://www.diritto.it/unione-e-fusione-dei-comuni-nella-legislazione-italiana";"https://";"www";"diritto.it";"unione-e-fusione-dei-comuni-nella-legislazione-italiana";"";78;
2;317;1;"https://it.wikipedia.org/wiki/Sorbolo_Mezzani";"https://";"";"it.wikipedia.org";"wiki/Sorbolo_Mezzani";"";45;
2;318;1;"https://www.istat.it/storage/codici-unita-amministrative/Novita-2022-2017.pdf";"https://";"www";"istat.it";"storage/codici-unita-amministrative/Novita-2022-2017.pdf";"";77;
2;319;1;"tinyurl.com/2acwtuu6";"https://";"";"tinyurl.com";"2acwtuu6";"";20;
2;320;1;"www.corvara.eu";"";"www";"corvara.eu";"";"";14;
2;321;1;"https://books.google.it/books?id=ImFTwbKloxAC";"https://";"";"books.google.it";"books?id=ImFTwbKloxAC";"";45;
2;322;1;"http://badigit.comune.bologna.it/mappe/130/library.html";"http://";"";"badigit.comune.bologna.it";"mappe/130/library.html";"";55;
2;323;1;"http://badigit.comune.bologna.it/mappe/174/library.html";"http://";"";"badigit.comune.bologna.it";"mappe/174/library.html";"";55;
2;324;1;"http://badigit.comune.bologna.it/mappe/176/library.html";"http://";"";"badigit.comune.bologna.it";"mappe/176/library.html";"";55;
2;325;1;"https://it.wikipedia.org/wiki/Famiglie_senatorie_bolognesi";"https://";"";"it.wikipedia.org";"wiki/Famiglie_senatorie_bolognesi";"";58;
2;326;1;"https://www.originebologna.com/odonomastica-storica/fonti-usate/";"https://";"www";"originebologna.com";"odonomastica-storica/fonti-usate/";"";64;
2;327;1;"http://www.archiginnasio.it/scaffalionline.htm";"http://";"www";"archiginnasio.it";"scaffalionline.htm";"";46;
2;328;1;"https://www.originebologna.com/libri/";"https://";"www";"originebologna.com";"libri/";"";37;
2;329;1;"tinyurl.com/2p8pkhpe";"https://";"";"tinyurl.com";"2p8pkhpe";"";20;
2;330;1;"tinyurl.com/mun5j4u6";"https://";"";"tinyurl.com";"mun5j4u6";"";20;
2;331;1;"tinyurl.com/cnufsz6h";"https://";"";"tinyurl.com";"cnufsz6h";"";20;
2;332;1;"https://www.treccani.it/enciclopedia/borgo-panigale";"https://";"www";"treccani.it";"enciclopedia/borgo-panigale";"";51;
2;333;1;"http://www.comune.bologna.it/storiaamministrativa/stories/detail/40258";"http://";"www";"comune.bologna.it";"storiaamministrativa/stories/detail/40258";"";70;
2;334;1;"http://badigit.comune.bologna.it/mappe/180/library.html";"http://";"";"badigit.comune.bologna.it";"mappe/180/library.html";"";55;
2;335;1;"http://badigit.comune.bologna.it/mappe/275/library.html";"http://";"";"badigit.comune.bologna.it";"mappe/275/library.html";"";55;
2;336;1;"http://badigit.comune.bologna.it/books/viedibologna/scorri_big.asp?Id=742";"http://";"";"badigit.comune.bologna.it";"books/viedibologna/scorri_big.asp?Id=742";"";73;
2;337;1;"http://badigit.comune.bologna.it/mappe/195/library.html";"http://";"";"badigit.comune.bologna.it";"mappe/195/library.html";"";55;
2;338;1;"tinyurl.com/3prdbmtr";"https://";"";"tinyurl.com";"3prdbmtr";"";20;
2;339;1;"tinyurl.com/mr43n6k4";"https://";"";"tinyurl.com";"mr43n6k4";"";20;
2;340;1;"https://books.google.it/books?id=NYA2AAAAMAAJ";"https://";"";"books.google.it";"books?id=NYA2AAAAMAAJ";"";45;
2;341;1;"https://ebiblio.istat.it/SebinaOpac.do";"https://";"";"ebiblio.istat.it";"SebinaOpac.do";"";38;
2;342;1;"https://maps.lib.utexas.edu/maps/historical/index.html";"https://";"";"maps.lib.utexas.edu";"maps/historical/index.html";"";54;
2;343;1;"https://maps.lib.utexas.edu/maps/historical/history_europe.html#I";"https://";"";"maps.lib.utexas.edu";"maps/historical/history_europe.html";"I";65;
2;344;1;"https://euratlas.net/history/europe/legend.html";"https://";"";"euratlas.net";"history/europe/legend.html";"";47;
2;345;1;"https://maphistory.info/confmnu.html";"https://";"";"maphistory.info";"confmnu.html";"";36;
2;346;1;"https://www.europeana.eu/portal/en/collections/maps";"https://";"www";"europeana.eu";"portal/en/collections/maps";"";51;
2;347;1;"tinyurl.com/2nkz426x";"https://";"";"tinyurl.com";"2nkz426x";"";20;
2;348;1;"https://it.wikipedia.org/wiki/Atlas_Tyrolensis";"https://";"";"it.wikipedia.org";"wiki/Atlas_Tyrolensis";"";46;
2;349;1;"https://it.wikipedia.org/wiki/Categoria:Cartografia";"https://";"";"it.wikipedia.org";"wiki/Categoria:Cartografia";"";51;
2;350;1;"https://en.wikipedia.org/wiki/Category:Cartography";"https://";"";"en.wikipedia.org";"wiki/Category:Cartography";"";50;
2;351;1;"https://it.wikipedia.org/wiki/Categoria:Liste_di_geografia";"https://";"";"it.wikipedia.org";"wiki/Categoria:Liste_di_geografia";"";58;
2;352;1;"https://it.wikipedia.org/wiki/OpenStreetMap";"https://";"";"it.wikipedia.org";"wiki/OpenStreetMap";"";43;
2;353;1;"https://wiki.openstreetmap.org/wiki/List_of_OSM-based_services";"https://";"";"wiki.openstreetmap.org";"wiki/List_of_OSM-based_services";"";62;
2;354;1;"https://palareti.eu/lavori/2006-Aica.pdf";"https://";"";"palareti.eu";"lavori/2006-Aica.pdf";"";40;
2;355;1;"https://palareti.eu/lavori/2007-Didamatica.pdf";"https://";"";"palareti.eu";"lavori/2007-Didamatica.pdf";"";46;
2;356;1;"https://palareti.eu/storiaviaemilia/index.html";"https://";"";"palareti.eu";"storiaviaemilia/index.html";"";46;
2;357;1;"https://www.quora.com/Why-do-many-teachers-not-recommend-Wikipedia/answer/Richard-Muller-3";"https://";"www";"quora.com";"Why-do-many-teachers-not-recommend-Wikipedia/answer/Richard-Muller-3";"";90;
2;358;1;"https://en.wikipedia.org/wiki/Reliability_of_Wikipedia";"https://";"";"en.wikipedia.org";"wiki/Reliability_of_Wikipedia";"";54;
2;359;1;"https://en.wikipedia.org/wiki/Wikipedia:Wikipedia_is_not_a_reliable_source";"https://";"";"en.wikipedia.org";"wiki/Wikipedia:Wikipedia_is_not_a_reliable_source";"";74;
2;360;1;"https://it.wikipedia.org/wiki/Sestiere_(Venezia)";"https://";"";"it.wikipedia.org";"wiki/Sestiere_(Venezia)";"";48;
2;361;1;"https://www.comune.venezia.it/it/content/superfici-amministrative";"https://";"www";"comune.venezia.it";"it/content/superfici-amministrative";"";65;
2;362;1;"https://it.wikipedia.org/wiki/Terzi_(Siena)";"https://";"";"it.wikipedia.org";"wiki/Terzi_(Siena)";"";43;
2;363;1;"tinyurl.com/2p985kax";"https://";"";"tinyurl.com";"2p985kax";"";20;
2;364;1;"https://it.wikipedia.org/wiki/Decreto_legislativo_18_agosto_2000,_n._267";"https://";"";"it.wikipedia.org";"wiki/Decreto_legislativo_18_agosto_2000,_n._267";"";72;
2;365;1;"https://www.comune.cesena.fc.it/elezioniquartieri2020";"https://";"www";"comune.cesena.fc.it";"elezioniquartieri2020";"";53;
2;366;1;"https://it.wikipedia.org/wiki/Circoscrizioni_di_Ancona";"https://";"";"it.wikipedia.org";"wiki/Circoscrizioni_di_Ancona";"";54;
2;367;1;"https://en.wikipedia.org/wiki/List_of_administrative_divisions_by_country";"https://";"";"en.wikipedia.org";"wiki/List_of_administrative_divisions_by_country";"";73;
2;368;1;"https://en.wikipedia.org/wiki/List_of_terms_for_administrative_divisions";"https://";"";"en.wikipedia.org";"wiki/List_of_terms_for_administrative_divisions";"";72;
2;369;1;"https://en.wikipedia.org/wiki/Administrative_geography_of_the_United_Kingdom";"https://";"";"en.wikipedia.org";"wiki/Administrative_geography_of_the_United_Kingdom";"";76;
2;370;1;"https://en.wikipedia.org/wiki/Crown_dependencies";"https://";"";"en.wikipedia.org";"wiki/Crown_dependencies";"";48;
2;371;1;"https://en.wikipedia.org/wiki/Countries_of_the_United_Kingdom";"https://";"";"en.wikipedia.org";"wiki/Countries_of_the_United_Kingdom";"";61;
2;372;1;"https://en.wikipedia.org/wiki/City_of_London";"https://";"";"en.wikipedia.org";"wiki/City_of_London";"";44;
2;373;1;"https://en.wikipedia.org/wiki/Local_government_in_Wales";"https://";"";"en.wikipedia.org";"wiki/Local_government_in_Wales";"";55;
2;374;1;"https://en.wikipedia.org/wiki/Subdivisions_of_Scotland";"https://";"";"en.wikipedia.org";"wiki/Subdivisions_of_Scotland";"";54;
2;375;1;"https://en.wikipedia.org/wiki/Local_government_in_Northern_Ireland";"https://";"";"en.wikipedia.org";"wiki/Local_government_in_Northern_Ireland";"";66;
2;376;1;"tinyurl.com/4y33etu4";"https://";"";"tinyurl.com";"4y33etu4";"";20;
2;377;1;"https://it.wikipedia.org/wiki/Bir_Tawil";"https://";"";"it.wikipedia.org";"wiki/Bir_Tawil";"";39;
2;378;1;"https://it.wikipedia.org/wiki/Triangolo_di_Hala'ib";"https://";"";"it.wikipedia.org";"wiki/Triangolo_di_Hala'ib";"";50;
2;379;1;"https://it.wikipedia.org/wiki/Isola_dei_Fagiani";"https://";"";"it.wikipedia.org";"wiki/Isola_dei_Fagiani";"";47;
2;380;1;"https://iso639-3.sil.org/code/eml";"https://";"";"iso639-3.sil.org";"code/eml";"";33;
2;381;1;"https://iso639-3.sil.org/code/egl";"https://";"";"iso639-3.sil.org";"code/egl";"";33;
2;382;1;"https://iso639-3.sil.org/code/rgn";"https://";"";"iso639-3.sil.org";"code/rgn";"";33;
2;383;1;"https://it.wikipedia.org/wiki/Scrittura_corsiva_romana";"https://";"";"it.wikipedia.org";"wiki/Scrittura_corsiva_romana";"";54;
2;384;1;"epsg.org";"";"";"epsg.org";"";"";8;
2;385;1;"https://epsg.org/search/by-name";"https://";"";"epsg.org";"search/by-name";"";31;
2;386;1;"ogc.org";"";"";"ogc.org";"";"";7;
2;387;1;"https://en.wikipedia.org/wiki/Well-known_text_representation_of_geometry";"https://";"";"en.wikipedia.org";"wiki/Well-known_text_representation_of_geometry";"";72;
2;388;1;"https://en.wikipedia.org/wiki/Geography_Markup_Language";"https://";"";"en.wikipedia.org";"wiki/Geography_Markup_Language";"";55;
2;389;1;"https://en.wikipedia.org/wiki/ECMAScript";"https://";"";"en.wikipedia.org";"wiki/ECMAScript";"";40;
2;390;1;"https://en.wikipedia.org/wiki/Markup_language";"https://";"";"en.wikipedia.org";"wiki/Markup_language";"";45;
2;391;1;"https://en.wikipedia.org/wiki/HTML";"https://";"";"en.wikipedia.org";"wiki/HTML";"";34;
2;392;1;"https://en.wikipedia.org/wiki/Media_type";"https://";"";"en.wikipedia.org";"wiki/Media_type";"";40;
2;393;1;"https://www.iana.org/assignments/media-types/media-types.xhtml";"https://";"www";"iana.org";"assignments/media-types/media-types.xhtml";"";62;
2;394;1;"https://en.wikipedia.org/wiki/Markdown";"https://";"";"en.wikipedia.org";"wiki/Markdown";"";38;
2;395;1;"https://tei-c.org/guidelines/customization/lite/";"https://";"";"tei-c.org";"guidelines/customization/lite/";"";48;
2;396;1;"https://docs.citationstyles.org/en/stable/index.html";"https://";"";"docs.citationstyles.org";"en/stable/index.html";"";52;
2;397;1;"tinyurl.com/2nmhvp5n";"https://";"";"tinyurl.com";"2nmhvp5n";"";20;
2;398;1;"https://disci.unibo.it/it/eventi/ruri-abitare-territorio-regio-romana-altomedioevo";"https://";"";"disci.unibo.it";"it/eventi/ruri-abitare-territorio-regio-romana-altomedioevo";"";82;
2;399;1;"tinyurl.com/5apud3ba";"https://";"";"tinyurl.com";"5apud3ba";"";20;
2;400;1;"https://it.wikipedia.org/wiki/Città_lineare";"https://";"";"it.wikipedia.org";"wiki/Città_lineare";"";43;
2;401;1;"https://www.treccani.it/vocabolario/lucumone";"https://";"www";"treccani.it";"vocabolario/lucumone";"";44;
2;402;1;"http://badigit.comune.bologna.it/mappe/140/library.html";"http://";"";"badigit.comune.bologna.it";"mappe/140/library.html";"";55;
2;403;1;"http://badigit.comune.bologna.it/mappe/173/library.html";"http://";"";"badigit.comune.bologna.it";"mappe/173/library.html";"";55;
2;404;1;"tinyurl.com/4th6c556";"https://";"";"tinyurl.com";"4th6c556";"";20;
2;405;1;"https://en.wikipedia.org/wiki/The_Death_of_Expertise";"https://";"";"en.wikipedia.org";"wiki/The_Death_of_Expertise";"";52;
2;406;1;"https://it.wikipedia.org/wiki/Sutor,_ne_ultra_crepidam!";"https://";"";"it.wikipedia.org";"wiki/Sutor,_ne_ultra_crepidam!";"";55;
2;407;1;"http://blog.terminologiaetc.it/2017/09/06/origine-significato-ultracrepidarian/";"http://";"";"blog.terminologiaetc.it";"2017/09/06/origine-significato-ultracrepidarian/";"";79;
2;408;1;"https://dizionario.org/d/?pageurl=cacozelia";"https://";"";"dizionario.org";"d/?pageurl=cacozelia";"";43;
2;409;1;"tommaseobellini.it";"";"";"tommaseobellini.it";"";"";18;
2;410;1;"http://blog.terminologiaetc.it/2017/09/29/origine-significato-cacozelia/";"http://";"";"blog.terminologiaetc.it";"2017/09/29/origine-significato-cacozelia/";"";72;
2;411;1;"tinyurl.com/bdzzvpby";"https://";"";"tinyurl.com";"bdzzvpby";"";20;
2;412;1;"tinyurl.com/49sb5akj";"https://";"";"tinyurl.com";"49sb5akj";"";20;
2;413;1;"https://books.google.it/books?id=RyVIZnPdkgAC";"https://";"";"books.google.it";"books?id=RyVIZnPdkgAC";"";45;
2;414;1;"http://badigit.comune.bologna.it/mappe/32/library.html";"http://";"";"badigit.comune.bologna.it";"mappe/32/library.html";"";54;
2;415;1;"https://it.wikipedia.org/wiki/Joan_Blaeu";"https://";"";"it.wikipedia.org";"wiki/Joan_Blaeu";"";40;
2;416;1;"https://www.storiaememoriadibologna.it/giardini-margherita-2945-luogo";"https://";"www";"storiaememoriadibologna.it";"giardini-margherita-2945-luogo";"";69;
2;417;1;"https://opendata.comune.bologna.it/explore/?sort=modified";"https://";"";"opendata.comune.bologna.it";"explore/?sort=modified";"";57;
2;418;1;"https://en.wikipedia.org/wiki/Percent-encoding";"https://";"";"en.wikipedia.org";"wiki/Percent-encoding";"";46;
2;419;1;"urlencoder.io";"";"";"urlencoder.io";"";"";13;
2;420;1;"https://it.wikipedia.org/wiki/Abbreviazione_degli_URL";"https://";"";"it.wikipedia.org";"wiki/Abbreviazione_degli_URL";"";53;
2;421;1;"tinyurl.com/y5b4crsb";"https://";"";"tinyurl.com";"y5b4crsb";"";20;
2;422;1;"tinyurl.com";"";"";"tinyurl.com";"";"";11;
2;423;1;"https://preview.tinyurl.com/49hxdaxu";"https://";"";"preview.tinyurl.com";"49hxdaxu";"";36;
2;424;1;"expandmyurl.com";"";"";"expandmyurl.com";"";"";15;
2;425;1;"unshorten.it";"";"";"unshorten.it";"";"";12;
2;426;1;"urlex.org";"";"";"urlex.org";"";"";9;
2;427;1;"https://www.treccani.it/enciclopedia/accento-grave-e-acuto_(Enciclopedia-dell’Italiano)";"https://";"www";"treccani.it";"enciclopedia/accento-grave-e-acuto_(Enciclopedia-dell’Italiano)";"";87;
2;428;1;"https://iol.unibo.it/";"https://";"";"iol.unibo.it";"";"";21;
2;429;1;"https://papers.ssrn.com/sol3/papers.cfm?abstract_id=3039505##";"https://";"";"papers.ssrn.com";"sol3/papers.cfm?abstract_id=3039505";"#";61;
2;430;1;"https://dx.doi.org/10.2139/ssrn.3039505";"https://";"";"dx.doi.org";"10.2139/ssrn.3039505";"";39;
2;431;1;"tinyurl.com/2p94pdwm";"https://";"";"tinyurl.com";"2p94pdwm";"";20;
2;432;1;"https://www.nature.com/articles/nature.2017.22656";"https://";"www";"nature.com";"articles/nature.2017.22656";"";49;
2;433;1;"https://gutenberg.org/cache/epub/27045/pg27045.html";"https://";"";"gutenberg.org";"cache/epub/27045/pg27045.html";"";51;
2;434;1;"https://www.repubblica.it/online/cultura_scienze/libri/libri/libri.html?ref=search";"https://";"www";"repubblica.it";"online/cultura_scienze/libri/libri/libri.html?ref=search";"";82;
2;435;1;"https://www.adamoli.org/progetto-ocr/index.html";"https://";"www";"adamoli.org";"progetto-ocr/index.html";"";47;
2;436;1;"https://www.treccani.it/lingua_italiana/speciali/chiaro_scuro/Carrada.html";"https://";"www";"treccani.it";"lingua_italiana/speciali/chiaro_scuro/Carrada.html";"";74;
2;437;1;"https://oaj.fupress.net/index.php/formare/article/view/3521";"https://";"";"oaj.fupress.net";"index.php/formare/article/view/3521";"";59;
2;438;1;"https://www.ft.com/content/53d3096a-f792-11e3-90fa-00144feabdc0";"https://";"www";"ft.com";"content/53d3096a-f792-11e3-90fa-00144feabdc0";"";63;
2;439;1;"https://harpers.org/app/";"https://";"";"harpers.org";"app/";"";24;
2;440;1;"tinyurl.com/yt6c9rvx";"https://";"";"tinyurl.com";"yt6c9rvx";"";20;
2;441;1;"https://www.istat.it/it/files/2017/12/Report_EditoriaLettura.pdf";"https://";"www";"istat.it";"it/files/2017/12/Report_EditoriaLettura.pdf";"";64;
2;442;1;"https://www.istat.it/it/files/2022/02/REPORT_PRODUZIONE_E_LETTURA_LIBRI_2020.pdf";"https://";"www";"istat.it";"it/files/2022/02/REPORT_PRODUZIONE_E_LETTURA_LIBRI_2020.pdf";"";80;
2;443;1;"tinyurl.com/bdfsp2jj";"https://";"";"tinyurl.com";"bdfsp2jj";"";20;
2;444;1;"https://archiviodistatotorino.beniculturali.it/strumenti/archivio-storico-la-stampa/";"https://";"";"archiviodistatotorino.beniculturali.it";"strumenti/archivio-storico-la-stampa/";"";84;
2;445;1;"archivio.unita.news";"";"";"archivio.unita.news";"";"";19;
2;446;1;"periodici.librari.beniculturali.it";"";"";"periodici.librari.beniculturali.it";"";"";34;
2;447;1;"pirandellonazionale.it";"";"";"pirandellonazionale.it";"";"";22;
2;448;1;"https://palareti.eu/storia-suddivisioni-territoriali/siti-cartografia-storica.html";"https://";"";"palareti.eu";"storia-suddivisioni-territoriali/siti-cartografia-storica.html";"";82;
2;449;1;"https://euratlas.net/Roma/regiones.htm";"https://";"";"euratlas.net";"Roma/regiones.htm";"";38;
2;450;1;"https://it.wikipedia.org/wiki/Le_piante_di_Roma";"https://";"";"it.wikipedia.org";"wiki/Le_piante_di_Roma";"";47;
2;451;1;"https://books.google.it/books?id=H9ELAAAAYAAJ";"https://";"";"books.google.it";"books?id=H9ELAAAAYAAJ";"";45;
2;452;1;"https://gutenberg.org/files/17124/17124-h/images/italaeseptentrionis.jpg";"https://";"";"gutenberg.org";"files/17124/17124-h/images/italaeseptentrionis.jpg";"";72;
2;453;1;"https://gutenberg.org/files/17124/17124-h/images/italaemedia.jpg";"https://";"";"gutenberg.org";"files/17124/17124-h/images/italaemedia.jpg";"";64;
2;454;1;"https://gutenberg.org/files/17124/17124-h/images/italaemeridionalis.jpg";"https://";"";"gutenberg.org";"files/17124/17124-h/images/italaemeridionalis.jpg";"";71;
2;455;1;"ftp://host-85-37-108-166.business.telecomitalia.it/Museo%20Archeologico/Tesi%20carta%20archeologica%202013.pdf";"ftp://";"";"host-85-37-108-166.business.telecomitalia.it";"Museo%20Archeologico/Tesi%20carta%20archeologica%202013.pdf";"";110;
2;456;1;"tinyurl.com/5xs2zwc9";"https://";"";"tinyurl.com";"5xs2zwc9";"";20;
2;457;1;"https://www.treccani.it/enciclopedia/lombardia";"https://";"www";"treccani.it";"enciclopedia/lombardia";"";46;
2;458;1;"https://it.wikipedia.org/wiki/Note_tironiane";"https://";"";"it.wikipedia.org";"wiki/Note_tironiane";"";44;
2;459;1;"https://en.wikipedia.org/wiki/Dž";"https://";"";"en.wikipedia.org";"wiki/Dž";"";32;
2;460;1;"https://it.wikipedia.org/wiki/Traslitterazione";"https://";"";"it.wikipedia.org";"wiki/Traslitterazione";"";46;
2;461;1;"https://it.wikipedia.org/wiki/Trascrizione";"https://";"";"it.wikipedia.org";"wiki/Trascrizione";"";42;
2;462;1;"https://en.wikipedia.org/wiki/International_Phonetic_Alphabet";"https://";"";"en.wikipedia.org";"wiki/International_Phonetic_Alphabet";"";61;
2;463;1;"https://www.internationalphoneticassociation.org/content/full-ipa-chart";"https://";"www";"internationalphoneticassociation.org";"content/full-ipa-chart";"";71;
2;464;1;"https://en.wikipedia.org/wiki/ISO_639-1";"https://";"";"en.wikipedia.org";"wiki/ISO_639-1";"";39;
2;465;1;"iso639-3.sil.org";"";"";"iso639-3.sil.org";"";"";16;
2;466;1;"https://www.sil.org/about";"https://";"www";"sil.org";"about";"";25;
2;467;1;"https://www.rfc-editor.org/rfc/rfc5646.html";"https://";"www";"rfc-editor.org";"rfc/rfc5646.html";"";43;
2;468;1;"https://www.rfc-editor.org/rfc/rfc5645.html";"https://";"www";"rfc-editor.org";"rfc/rfc5645.html";"";43;
2;469;1;"https://en.wikipedia.org/wiki/IETF_language_tag";"https://";"";"en.wikipedia.org";"wiki/IETF_language_tag";"";47;
2;470;1;"https://it.wikipedia.org/wiki/Internet_Engineering_Task_Force";"https://";"";"it.wikipedia.org";"wiki/Internet_Engineering_Task_Force";"";61;
2;471;1;"https://en.wikipedia.org/wiki/ISO_15924";"https://";"";"en.wikipedia.org";"wiki/ISO_15924";"";39;
2;472;1;"https://en.wikipedia.org/wiki/Moldovan_language";"https://";"";"en.wikipedia.org";"wiki/Moldovan_language";"";47;
2;473;1;"cldr.unicode.org";"";"";"cldr.unicode.org";"";"";16;
2;474;1;"https://en.wikipedia.org/wiki/Common_Locale_Data_Repository";"https://";"";"en.wikipedia.org";"wiki/Common_Locale_Data_Repository";"";59;
2;475;1;"tinyurl.com/4rfktcd9";"https://";"";"tinyurl.com";"4rfktcd9";"";20;
2;476;1;"tinyurl.com/4e42mbrw";"https://";"";"tinyurl.com";"4e42mbrw";"";20;
2;477;1;"tinyurl.com/y6d5ys3u";"https://";"";"tinyurl.com";"y6d5ys3u";"";20;
2;478;1;"tinyurl.com/4x7dthwv";"https://";"";"tinyurl.com";"4x7dthwv";"";20;
2;479;1;"tinyurl.com/5n7hpm57";"https://";"";"tinyurl.com";"5n7hpm57";"";20;
2;480;1;"https://it.wikipedia.org/wiki/Nome_di_dominio";"https://";"";"it.wikipedia.org";"wiki/Nome_di_dominio";"";45;
2;481;1;"https://it.wikipedia.org/wiki/Dominio_di_primo_livello";"https://";"";"it.wikipedia.org";"wiki/Dominio_di_primo_livello";"";54;
2;482;1;"https://it.wikipedia.org/wiki/Dominio_di_primo_livello_nazionale";"https://";"";"it.wikipedia.org";"wiki/Dominio_di_primo_livello_nazionale";"";64;
2;483;1;"https://en.wikipedia.org/wiki/ISO_3166-3";"https://";"";"en.wikipedia.org";"wiki/ISO_3166-3";"";40;
2;484;1;"https://it.wikipedia.org/wiki/Nomenclatura_delle_unità_territoriali_statistiche";"https://";"";"it.wikipedia.org";"wiki/Nomenclatura_delle_unità_territoriali_statistiche";"";79;
2;485;1;"https://it.wikipedia.org/wiki/Unità_amministrativa_locale";"https://";"";"it.wikipedia.org";"wiki/Unità_amministrativa_locale";"";57;
2;486;1;"https://www.istat.it/it/archivio/6747";"https://";"www";"istat.it";"it/archivio/6747";"";37;
2;487;1;"https://it.wikipedia.org/wiki/Provincia_(Italia)";"https://";"";"it.wikipedia.org";"wiki/Provincia_(Italia)";"";48;
2;488;1;"https://sister.agenziaentrate.gov.it/CitizenArCom/InitForm.do?ric=report";"https://";"";"sister.agenziaentrate.gov.it";"CitizenArCom/InitForm.do?ric=report";"";72;
2;489;1;"https://en.wikipedia.org/wiki/International_Territorial_Level";"https://";"";"en.wikipedia.org";"wiki/International_Territorial_Level";"";61;
2;490;1;"https://www.iso.org/standard/70907.html";"https://";"www";"iso.org";"standard/70907.html";"";39;
2;491;1;"https://www.iso.org/standard/70908.html";"https://";"www";"iso.org";"standard/70908.html";"";39;
2;492;1;"https://en.wikipedia.org/wiki/ISO_8601";"https://";"";"en.wikipedia.org";"wiki/ISO_8601";"";38;
2;493;1;"tinyurl.com/cd65sh64";"https://";"";"tinyurl.com";"cd65sh64";"";20;
2;494;1;"tinyurl.com/54r6y9s9";"https://";"";"tinyurl.com";"54r6y9s9";"";20;
2;495;1;"tinyurl.com/ms86h8s2";"https://";"";"tinyurl.com";"ms86h8s2";"";20;
2;496;1;"https://en.wikipedia.org/wiki/Adoption_of_the_Gregorian_calendar";"https://";"";"en.wikipedia.org";"wiki/Adoption_of_the_Gregorian_calendar";"";64;
2;497;1;"https://en.wikipedia.org/wiki/Coordinated_Universal_Time";"https://";"";"en.wikipedia.org";"wiki/Coordinated_Universal_Time";"";56;
2;498;1;"tinyurl.com/2bm63p2u";"https://";"";"tinyurl.com";"2bm63p2u";"";20;
2;499;1;"https://en.wikipedia.org/wiki/Greenwich_Mean_Time";"https://";"";"en.wikipedia.org";"wiki/Greenwich_Mean_Time";"";49;
2;500;1;"https://powerfromthesun.net/calculators/LocalToSolarTime.html";"https://";"";"powerfromthesun.net";"calculators/LocalToSolarTime.html";"";61;
2;501;1;"https://it.wikipedia.org/wiki/Roma";"https://";"";"it.wikipedia.org";"wiki/Roma";"";34;
2;502;1;"https://www.rfc-editor.org/info/bcp47";"https://";"www";"rfc-editor.org";"info/bcp47";"";37;
2;503;1;"https://www.treccani.it/enciclopedia/indizione_(EnciclopediaItaliana)/";"https://";"www";"treccani.it";"enciclopedia/indizione_(EnciclopediaItaliana)/";"";71;
2;504;1;"https://it.wikipedia.org/wiki/Indizione";"https://";"";"it.wikipedia.org";"wiki/Indizione";"";39;
2;505;1;"tinyurl.com/2k79bvch";"https://";"";"tinyurl.com";"2k79bvch";"";20;
2;506;1;"tinyurl.com/bdduv4m5";"https://";"";"tinyurl.com";"bdduv4m5";"";20;
2;507;1;"https://it.wikipedia.org/wiki/Trattato_di_Rapallo_(1920)";"https://";"";"it.wikipedia.org";"wiki/Trattato_di_Rapallo_(1920)";"";56;
2;508;1;"https://it.wikipedia.org/wiki/Trattato_di_Roma_(1924)";"https://";"";"it.wikipedia.org";"wiki/Trattato_di_Roma_(1924)";"";53;
2;509;1;"tinyurl.com/54uyv8f6";"https://";"";"tinyurl.com";"54uyv8f6";"";20;
2;510;1;"https://archiviostorico.gruppotim.it/it/densità-telefonica-nelle-province-italiane-nel-1968";"https://";"";"archiviostorico.gruppotim.it";"it/densità-telefonica-nelle-province-italiane-nel-1968";"";91;
2;511;1;"https://archiviostorico.gruppotim.it/it/conquista-del-territorio-nazionale-comuni-frazioni";"https://";"";"archiviostorico.gruppotim.it";"it/conquista-del-territorio-nazionale-comuni-frazioni";"";90;
2;512;1;"tinyurl.com/39axaa8n";"https://";"";"tinyurl.com";"39axaa8n";"";20;
2;513;1;"tinyurl.com/2st5xn89";"https://";"";"tinyurl.com";"2st5xn89";"";20;
2;514;1;"https://www.treccani.it/enciclopedia/commutazione";"https://";"www";"treccani.it";"enciclopedia/commutazione";"";49;
2;515;1;"https://it.wikipedia.org/wiki/Commutazione_di_pacchetto";"https://";"";"it.wikipedia.org";"wiki/Commutazione_di_pacchetto";"";55;
2;516;1;"https://www.treccani.it/enciclopedia/urbanizzazione";"https://";"www";"treccani.it";"enciclopedia/urbanizzazione";"";51;
2;517;1;"https://www.treccani.it/enciclopedia/urbanizzazione_(Enciclopedia-delle-scienze-sociali)";"https://";"www";"treccani.it";"enciclopedia/urbanizzazione_(Enciclopedia-delle-scienze-sociali)";"";88;
2;518;1;"postmetropoli.it";"";"";"postmetropoli.it";"";"";16;
2;519;1;"https://www.provinceditalia.it/levoluzione-demografica-delle-province-dal-1861-a-oggi/";"https://";"www";"provinceditalia.it";"levoluzione-demografica-delle-province-dal-1861-a-oggi/";"";86;
2;520;1;"https://www.sciencedaily.com/releases/2007/05/070525000642.htm";"https://";"www";"sciencedaily.com";"releases/2007/05/070525000642.htm";"";62;
2;521;1;"tinyurl.com/ydndx83y";"https://";"";"tinyurl.com";"ydndx83y";"";20;
2;522;1;"tinyurl.com/4hwe46y8";"https://";"";"tinyurl.com";"4hwe46y8";"";20;
2;523;1;"https://www.treccani.it/enciclopedia/provincia_(Enciclopedia-Italiana)";"https://";"www";"treccani.it";"enciclopedia/provincia_(Enciclopedia-Italiana)";"";70;
2;524;1;"https://it.wikipedia.org/wiki/Libero_consorzio_comunale";"https://";"";"it.wikipedia.org";"wiki/Libero_consorzio_comunale";"";55;
2;525;1;"https://it.wikipedia.org/wiki/Unione_Territoriale_Intercomunale";"https://";"";"it.wikipedia.org";"wiki/Unione_Territoriale_Intercomunale";"";63;
2;526;1;"https://www.ageiweb.it/geotema/wp-content/uploads/2019/04/57_17_ZILLI.pdf";"https://";"www";"ageiweb.it";"geotema/wp-content/uploads/2019/04/57_17_ZILLI.pdf";"";73;
2;527;1;"https://it.wikipedia.org/wiki/Ente_di_decentramento_regionale";"https://";"";"it.wikipedia.org";"wiki/Ente_di_decentramento_regionale";"";61;
2;528;1;"tinyurl.com/2p89ru7c";"https://";"";"tinyurl.com";"2p89ru7c";"";20;
2;529;1;"tinyurl.com/49hxdaxu";"https://";"";"tinyurl.com";"49hxdaxu";"";20;
2;530;1;"http://societageografica.net/images/stories/eventi/convegni/08_03_2013_.pdf";"http://";"";"societageografica.net";"images/stories/eventi/convegni/08_03_2013_.pdf";"";75;
2;531;1;"https://www.treccani.it/magazine/diritto/enciclopedia_giuridica/indici/giuridica.html";"https://";"www";"treccani.it";"magazine/diritto/enciclopedia_giuridica/indici/giuridica.html";"";85;
4;532;1;"http://geo.regione.emilia-romagna.it/schede/castelli/index.jsp";"http://";"";"geo.regione.emilia-romagna.it";"schede/castelli/index.jsp";"";62;
4;533;1;"https://palareti.eu/storiaviaemilia/index.html";"https://";"";"palareti.eu";"storiaviaemilia/index.html";"";46;
